#P	Bytes	Seconds	Trials
96	384	0.000208441	1536
96	768	0.000207937	1536
96	1536	0.000221089	1536
96	3072	0.000225756	1536
96	6144	0.00024685	1536
96	12288	0.000349586	768
96	24576	0.000270117	768
96	49152	0.000301557	768
96	98304	0.000461965	768
96	196608	0.000493363	768
96	393216	0.00077718	384
96	786432	0.00139272	192
96	1572864	0.00261658	96
96	3145728	0.00573169	48
96	6291456	0.0110011	24
96	12582912	0.0212059	12
