#P	Bytes	Seconds	Trials
96	384	4.20886e-06	49152
96	768	3.59945e-06	98304
96	1536	5.02527e-06	49152
96	3072	9.58508e-06	24576
96	6144	1.68926e-05	12288
96	12288	3.30493e-05	6144
96	24576	6.26633e-05	6144
96	49152	0.000131149	1536
96	98304	0.000312155	768
96	196608	0.000496426	768
96	393216	0.000880385	384
96	786432	0.00161257	192
96	1572864	0.00443473	96
96	3145728	0.00788525	48
96	6291456	0.0208397	12
96	12582912	0.0413805	12
