#P	Bytes	Seconds	Trials
12	48	3.72452e-06	98304
12	96	3.72376e-06	98304
12	192	3.78611e-06	98304
12	384	3.88276e-06	98304
12	768	4.76447e-06	49152
12	1536	5.6205e-06	49152
12	3072	9.74455e-06	24576
12	6144	1.6658e-05	12288
12	12288	3.16414e-05	12288
12	24576	5.03794e-05	6144
12	49152	8.82591e-05	3072
12	98304	0.000166344	1536
12	196608	0.000347389	768
12	393216	0.000711042	384
12	786432	0.00142083	192
12	1572864	0.00320446	96
